corporation,user
1,1
1,2
1,3
1,4
1,5
1,6
1,7
1,8
1,9
1,10
1,11
1,12
1,13
1,14
1,15
1,16
1,17
1,18
1,19
1,20
1,21
1,22
1,23
1,24
1,25
1,26
1,27
1,28
1,29
1,30
1,31
1,32
1,33
1,34
1,35
1,36
1,37
1,38
1,39
1,40
1,41
1,42
1,43
1,44
1,45
1,46
1,47
1,48
1,49
1,50
101,1
101,2
101,3
101,4
101,5
101,6
101,7
101,8
101,9
101,10
101,11
101,12
101,13
101,14
101,15
101,16
101,17
101,18
101,19
101,20
101,21
101,22
101,23
101,24
101,25
101,26
101,27
101,28
101,29
101,30
101,31
101,32
101,33
101,34
101,35
101,36
101,37
101,38
101,39
101,40
101,41
101,42
101,43
101,44
101,45
101,46
101,47
101,48
101,49
101,50
200,1
200,2
200,3
200,4
200,5
200,6
200,7
200,8
200,9
200,10
200,11
200,12
200,13
200,14
200,15
200,16
200,17
200,18
200,19
200,20
200,21
200,22
200,23
200,24
200,25
200,26
200,27
200,28
200,29
200,30
200,31
200,32
200,33
200,34
200,35
200,36
200,37
200,38
200,39
200,40
200,41
200,42
200,43
200,44
200,45
200,46
200,47
200,48
200,49
200,50
777,1
777,2
777,3
777,4
777,5
777,6
777,7
777,8
777,9
777,10
777,11
777,12
777,13
777,14
777,15
777,16
777,17
777,18
777,19
777,20
777,21
777,22
777,23
777,24
777,25
777,26
777,27
777,28
777,29
777,30
777,31
777,32
777,33
777,34
777,35
777,36
777,37
777,38
777,39
777,40
777,41
777,42
777,43
777,44
777,45
777,46
777,47
777,48
777,49
777,50
888,1
888,2
888,3
888,4
888,5
888,6
888,7
888,8
888,9
888,10
888,11
888,12
888,13
888,14
888,15
888,16
888,17
888,18
888,19
888,20
888,21
888,22
888,23
888,24
888,25
888,26
888,27
888,28
888,29
888,30
888,31
888,32
888,33
888,34
888,35
888,36
888,37
888,38
888,39
888,40
888,41
888,42
888,43
888,44
888,45
888,46
888,47
888,48
888,49
888,50
999,1
999,2
999,3
999,4
999,5
999,6
999,7
999,8
999,9
999,10
999,11
999,12
999,13
999,14
999,15
999,16
999,17
999,18
999,19
999,20
999,21
999,22
999,23
999,24
999,25
999,26
999,27
999,28
999,29
999,30
999,31
999,32
999,33
999,34
999,35
999,36
999,37
999,38
999,39
999,40
999,41
999,42
999,43
999,44
999,45
999,46
999,47
999,48
999,49
999,50